song_id,title,artist,genre,mood
song_0001,Certainly security account,Paul Tucker,Pop,Happy
song_0002,Responsibility another,Amanda Sanchez,Jazz,Sad
song_0003,Mean its,Lauren White,Rock,Sad
song_0004,Challenge indeed sell,Heidi Stewart,Pop,Happy
song_0005,Every keep,Dalton Cisneros,Classical,Chill
song_0006,Of rather,Sierra Lee,Pop,Happy
song_0007,Teacher,Jonathan Lopez,Pop,Sad
song_0008,Better cause mother music,Amanda Johnston,Rock,Happy
song_0009,Interview,Diana Campbell,Classical,Sad
song_0010,Respond despite,Glenn Barton,Classical,Chill
song_0011,High visit reflect,Shannon Allen PhD,Rock,Chill
song_0012,Effect gun,Alexander Callahan,Classical,Energetic
song_0013,Ball,Jimmy Sanchez,Pop,Sad
song_0014,Growth scientist computer peace,Cynthia Huffman,Hip-Hop,Energetic
song_0015,This how,Larry Thomas,Jazz,Sad
song_0016,Right hit,Kiara Cochran,Rock,Energetic
song_0017,Foreign relate,Kimberly Smith,Pop,Happy
song_0018,Manager throw look skill,Charles Davis,Hip-Hop,Happy
song_0019,Factor per,Allison Brown,Jazz,Energetic
song_0020,Own amount show,Ryan Lewis,Classical,Energetic
song_0021,Skill present experience,Troy Henry,Pop,Chill
song_0022,Property itself,Kyle Browning,Classical,Happy
song_0023,For offer prevent,James Fuller,Hip-Hop,Happy
song_0024,Line various figure,Erik Soto,Classical,Energetic
song_0025,Past energy,Kimberly King,Classical,Energetic
song_0026,Example go interest,Daniel Nguyen,Classical,Sad
song_0027,Serious guess,Katherine Walker,Pop,Happy
song_0028,Same opportunity,Mr. William Chase,Rock,Energetic
song_0029,Information radio quite recent,Bill Phillips DDS,Pop,Sad
song_0030,Hold they,Amanda Rios,Pop,Chill
song_0031,Alone event economy,Benjamin Tran,Jazz,Chill
song_0032,Issue must,Jacob Diaz,Jazz,Sad
song_0033,The much live,Kiara Stein,Jazz,Energetic
song_0034,Game make teach general,Joseph Mccormick,Rock,Energetic
song_0035,Black personal,Rachel Mayo,Pop,Sad
song_0036,Once know,Edward Reed,Classical,Sad
song_0037,Through page authority,Robert Kennedy,Rock,Chill
song_0038,Trip carry,Chad Brown,Hip-Hop,Energetic
song_0039,Sit someone pass,Lawrence Wolfe,Classical,Sad
song_0040,Message test right,Edward Moore,Jazz,Happy
song_0041,Collection indicate,Robin Harris,Rock,Happy
song_0042,Floor inside sport,Sarah Watson,Jazz,Chill
song_0043,Rock by,Andrea Maynard,Jazz,Happy
song_0044,Measure might road,Bryan Russell,Rock,Energetic
song_0045,Section then her four,Chad Garner,Rock,Chill
song_0046,Ok total end,Jessica Jones,Hip-Hop,Chill
song_0047,Almost process,Amy Hall,Rock,Energetic
song_0048,Parent personal,Jeffrey Austin,Rock,Sad
song_0049,Affect step and,Lori Wilson,Classical,Energetic
song_0050,Who particularly every purpose,Breanna Beltran,Classical,Chill
song_0051,Cover money,Tanya Bullock,Classical,Chill
song_0052,Probably model,Heather Becker,Jazz,Sad
song_0053,Final act,Brianna Coleman DVM,Rock,Chill
song_0054,Foot require,David Walker,Pop,Happy
song_0055,Front institution rule,Aaron Christensen,Pop,Sad
song_0056,Size rise drop,Kevin Olsen,Rock,Chill
song_0057,Simple season let amount,Keith Allen,Classical,Happy
song_0058,Top leader,Mrs. Carolyn Mueller MD,Hip-Hop,Chill
song_0059,Station run,Sierra Holmes,Classical,Chill
song_0060,Record community however,Edward Thompson,Classical,Energetic
song_0061,On meeting know,Evelyn Hernandez,Classical,Happy
song_0062,Major sell through,Dr. Anna Price DDS,Pop,Energetic
song_0063,Dog citizen pressure everyone,Annette Harrison,Jazz,Happy
song_0064,Scientist,Brandon Delacruz,Jazz,Chill
song_0065,Star bill baby,Sherri Miller,Rock,Chill
song_0066,Method far look,Michael Allen,Pop,Energetic
song_0067,Much Mr hundred,Dr. Ashlee Barton,Classical,Sad
song_0068,West rule,Lawrence Rogers,Classical,Happy
song_0069,Style,Chloe Harper,Jazz,Sad
song_0070,Brother certainly most,Jose Werner,Rock,Energetic
song_0071,Yourself next customer,Steven Patterson,Rock,Happy
song_0072,His total,Miss Brandy Duncan,Classical,Energetic
song_0073,Trade indicate feeling,Carlos Harvey,Hip-Hop,Happy
song_0074,Me far,Patrick Baker,Pop,Energetic
song_0075,Coach situation control,Jennifer Wilkerson,Jazz,Sad
song_0076,Event television,Stephen Jones,Pop,Sad
song_0077,Goal throw,Brian Kaiser,Classical,Happy
song_0078,They imagine,Kelly Romero MD,Pop,Chill
song_0079,Big serious,Richard Gross,Pop,Sad
song_0080,Stand mention since,Diane Hendrix,Rock,Chill
song_0081,Produce ask,Michelle Sanchez,Classical,Sad
song_0082,Kid family,Timothy Jackson,Jazz,Chill
song_0083,Trip focus her,Susan Santiago,Rock,Sad
song_0084,Figure run,Shawn Bell,Jazz,Chill
song_0085,Music despite soon,Ebony Schwartz,Jazz,Chill
song_0086,Environmental every,Sydney Smith,Classical,Chill
song_0087,Machine seek,Charlotte Guerrero,Pop,Sad
song_0088,Performance pull today,Natasha Contreras,Rock,Happy
song_0089,General,Karen Harris,Jazz,Happy
song_0090,Teach just similar,Makayla Anderson,Classical,Sad
song_0091,Discover much explain,Jordan Richardson,Classical,Sad
song_0092,He worker,Joseph White,Pop,Happy
song_0093,Wish everybody candidate,Debra Walker,Pop,Sad
song_0094,Coach firm bag,Joel Tran,Pop,Happy
song_0095,Bank bank,Mr. Bryan Matthews,Jazz,Happy
song_0096,Happen carry over star,Joshua Thompson,Classical,Sad
song_0097,Myself candidate,Joseph Taylor,Jazz,Chill
song_0098,Population concern nice,Timothy Joseph,Rock,Sad
song_0099,Over do scene,Sarah Diaz,Classical,Chill
song_0100,Current man skill,Kevin Archer,Rock,Chill
song_0101,Product daughter short,Charlene King,Hip-Hop,Sad
song_0102,Close size certainly,Daisy Johnson,Pop,Happy
song_0103,You space,Stephen Sanders,Hip-Hop,Energetic
song_0104,Town on,Daniel Crosby,Hip-Hop,Chill
song_0105,Business about piece remain,Jermaine Miller,Hip-Hop,Happy
song_0106,Ball,Joan Berger,Pop,Happy
song_0107,Because scene,Nicole Conley,Hip-Hop,Energetic
song_0108,Sister administration form,Jennifer Baker,Pop,Sad
song_0109,Natural culture,Ronald Good,Rock,Sad
song_0110,Group machine,David Knight,Classical,Chill
song_0111,Style act,Michael Humphrey,Rock,Chill
song_0112,Response foreign record,Charles Gallagher,Rock,Energetic
song_0113,True sense,Justin Jones,Hip-Hop,Sad
song_0114,Federal pick,Dr. Stephanie Oconnor DDS,Pop,Chill
song_0115,Foreign dark blood president,Patricia Hinton,Classical,Happy
song_0116,Small difference,Elizabeth Burke,Pop,Happy
song_0117,Although how,Benjamin Terry,Pop,Sad
song_0118,Work people,Stacey Nelson,Rock,Chill
song_0119,Base early share,Joseph Woodward,Hip-Hop,Chill
song_0120,Miss up,Steven Jackson,Rock,Chill
song_0121,Range network control,Richard Park,Pop,Sad
song_0122,Degree which,Edward Franco,Hip-Hop,Happy
song_0123,Enough,Daniel Smith,Hip-Hop,Energetic
song_0124,Wife role,Douglas Walker,Hip-Hop,Energetic
song_0125,Former reduce,Melissa Holmes,Hip-Hop,Chill
song_0126,Fund,Mary Chen,Rock,Sad
song_0127,Investment beautiful upon,Susan Jones,Jazz,Sad
song_0128,Commercial fear,Thomas Garcia,Pop,Happy
song_0129,Similar risk choose,Jason Anderson,Jazz,Happy
song_0130,Successful star difference,Kimberly Moore,Pop,Chill
song_0131,Well always and sing,Andrew Turner,Classical,Sad
song_0132,Take hair I,Andrew Flores,Pop,Happy
song_0133,Light expert,Michael Carpenter,Rock,Happy
song_0134,Weight industry administration get,Ronald Perez,Classical,Happy
song_0135,Admit cut small,Lindsey Cobb,Rock,Chill
song_0136,Officer professional,Toni Wilson,Pop,Sad
song_0137,Military life,Veronica Huang,Classical,Happy
song_0138,Room lot evening,Heidi Fritz,Classical,Happy
song_0139,Bed case,Justin Owens,Hip-Hop,Energetic
song_0140,Dream share design,Randy Gonzalez,Jazz,Sad
song_0141,Share approach never,Miranda Torres,Jazz,Sad
song_0142,Third cut heart,Larry Glenn,Jazz,Chill
song_0143,Consider agreement,Amy Gill,Rock,Energetic
song_0144,Total available shoulder,Andrew Brewer,Hip-Hop,Energetic
song_0145,Foot area section commercial,Blake Ross,Pop,Happy
song_0146,Rest church raise,Kyle Crawford,Hip-Hop,Happy
song_0147,Unit view fear,Alexander Smith,Pop,Sad
song_0148,Guess many society,Amanda Ortiz,Classical,Energetic
song_0149,Four ball son,Albert Smith,Rock,Energetic
song_0150,Stock dark worry,Howard Olson,Pop,Sad
song_0151,Card loss,Bruce Graham,Jazz,Energetic
song_0152,Traditional candidate under including,Kimberly Hamilton,Rock,Chill
song_0153,Office feeling ground,Mr. Richard Page Jr.,Classical,Energetic
song_0154,Threat agreement foreign high,Jay Gill,Classical,Happy
song_0155,Require,Cynthia Miller,Classical,Energetic
song_0156,Born scene,Heather Rodriguez,Pop,Sad
song_0157,Every executive,Jeremy Richards,Jazz,Happy
song_0158,Clearly age speak,Marcus Hart,Pop,Sad
song_0159,Rate cover,Michelle Munoz,Jazz,Energetic
song_0160,Party the about fund,Gregory Mayo,Classical,Sad
song_0161,Including itself,Patricia Koch,Jazz,Sad
song_0162,Perhaps product,Debra Lawrence,Jazz,Chill
song_0163,Instead realize,Ronald Montoya,Jazz,Happy
song_0164,Both reality,Jesse Curry,Pop,Chill
song_0165,Play eat example,Amber Hayes,Jazz,Happy
song_0166,She occur,Lydia Davidson,Pop,Energetic
song_0167,Politics occur,Gary Rodriguez,Rock,Energetic
song_0168,Several compare risk,Sherry Jones,Rock,Chill
song_0169,Seem glass,Michael Parrish,Classical,Chill
song_0170,Above true training,William Hobbs,Classical,Happy
song_0171,American us better,Bryan Anderson,Pop,Happy
song_0172,Drug issue,Kenneth Marsh,Rock,Happy
song_0173,Make treat,Thomas Elliott,Jazz,Sad
song_0174,Conference least,Hunter Allison,Hip-Hop,Sad
song_0175,Talk leader head,Philip Lopez,Pop,Energetic
song_0176,Conference resource,Adam Little,Jazz,Happy
song_0177,Test possible,Melanie Jackson,Jazz,Sad
song_0178,Age it,Gloria Kelley,Rock,Happy
song_0179,Chance political by,Kathryn Dixon,Jazz,Chill
song_0180,Sort any heart,Eric Barrett,Classical,Sad
song_0181,Parent discuss avoid,Gregory Hunt,Rock,Sad
song_0182,Perhaps him exactly,Amanda Stevens,Rock,Chill
song_0183,However city,Christopher Lambert,Pop,Sad
song_0184,Window religious sort,Dakota Gonzalez,Jazz,Chill
song_0185,Election look,Nancy Myers,Rock,Energetic
song_0186,Build sort find any,Brandon Smith,Rock,Happy
song_0187,Staff,Cassandra Rhodes,Hip-Hop,Happy
song_0188,Develop fire,Joshua Washington,Hip-Hop,Sad
song_0189,Him religious,Timothy Reynolds,Rock,Chill
song_0190,Adult task white,Stephen Holmes,Jazz,Energetic
song_0191,Again strategy ten painting,Julian Carson,Rock,Sad
song_0192,Design win,Erica Gay,Pop,Sad
song_0193,No civil,Whitney Conner,Hip-Hop,Energetic
song_0194,Four rest,Daniel Oconnor,Jazz,Happy
song_0195,View weight audience,Evan Anderson,Jazz,Energetic
song_0196,Society,Alexander Coleman,Classical,Chill
song_0197,Region government,Russell Johnson,Classical,Energetic
song_0198,From career,Nancy Young,Pop,Happy
song_0199,Leg identify,Richard Schmidt,Jazz,Sad
song_0200,Name whose,Jeffrey Parker,Classical,Energetic
